Kecamatan,,
,Jumlah Penduduk Menurut Kecamatan dan Jenis Kelamin (Jiwa),
,Laki-laki,Perempuan
,2025,2025
Mijen,47993,48364
Gunung Pati,51138,51291
Banyumanik,71012,73075
Gajah Mungkur,27583,28745
Semarang Selatan,30219,31762
Candisari,37313,38083
Tembalang,101772,103093
Pedurungan,98004,100448
Genuk,70483,70550
Gayamsari,35023,35358
Semarang Timur,32284,34198
Semarang Utara,58236,59629
Semarang Tengah,26457,28756
Semarang Barat,73363,75994
Tugu,17196,17202
Ngaliyan,73561,74236
Kota Semarang,851637,870784