Kecamatan,,,
,Jumlah Penduduk Menurut Kecamatan dan Jenis Kelamin di Kota Makassar (Jiwa),,
,Laki laki,Perempuan,Jumlah
,2023,2023,2023
Mariso,29246,29484,58730
Mamajang,28632,29661,58293
Tamalate,94013,94419,188432
Rappocini,73548,77065,150613
Makassar,40771,41466,82237
Ujung Pandang,12058,12793,24851
Wajo,14512,14991,29503
Bontoala,27409,27792,55201
Ujung Tanah,18401,18344,36745
Kepulauan Sangkarrang,7486,7495,14981
Tallo,74581,73474,148055
Panakukkang,71640,72564,144204
Manggala,79753,80713,160466
Biringkanaya,107463,108357,215820
Tamalanrea,52878,53384,106262
Jumlah,732391,742002,1474393